domain,counts,news,education,social,gov,campaign_personal,other_third_party,title,sum
safetyandhealthmagazine.com,37691,1,0,0,0,0,0,,1
myeasternshoremd.com,34956,1,0,0,0,0,0,,1
fortworthbusiness.com,16506,1,0,0,0,0,0,,1
3newsnow.com,92779,1,0,0,0,0,0,,1
dailycal.org,8468,1,0,0,0,0,0,,1
ccxmedia.org,1628,1,0,0,0,0,0,ccx media -,1
clermontsun.com,23530,1,0,0,0,0,0,,1
suncommunitynews.com,19317,1,0,0,0,0,0,,1
adirondackexplorer.org,13087,1,0,0,0,0,0,"adirondack explorer: environment, communities and outdoor recreation in the adirondacks",1
businessinsider.com.au,32348,1,0,0,0,0,0,,1
wkrg.com,16631,1,0,0,0,0,0,,1
cindyaxneforcongress.com,146820,0,0,0,0,1,0,,1
clintonherald.com,821,1,0,0,0,0,0,,1
mystateline.com,16055,1,0,0,0,0,0,,1
hadassah.org,16,0,0,0,0,0,1,hadassah | the women's zionist organization of america,1
espwebsite.com,3,0,0,0,0,0,1,,1
wbap.com,28333,1,0,0,0,0,0,news talk wbap 820 am and 93.3 fm | news talk wbap-am,1
lasvegassun.com,153656,1,0,0,0,0,0,,1
yesweekly.com,2978,1,0,0,0,0,0,,1
kdminer.com,2098,1,0,0,0,0,0,,1
richmondregister.com,18817,1,0,0,0,0,0,,1
framinghamsource.com,14732,0,0,0,0,0,1,framingham source - a self-publishing community bulletin board.,1
usni.org,124366,0,0,0,1,0,0,u.s. naval institute | the independent forum of the sea services,1
texarkanagazette.com,35282,1,0,0,0,0,0,,1
goodreads.com,1677,0,0,0,0,0,1,goodreads | meet your next favorite book,1
ned.org,14521,0,0,0,0,0,1,national endowment for democracy - supporting freedom around the world,1
sunnews.org,467,1,0,0,0,0,0,,1
ktul.com,64781,1,0,0,0,0,0,,1
rapidcityjournal.com,8749,1,0,0,0,0,0,,1
housingwire.com,10871,1,0,0,0,0,0,,1
billtrack50.com,844716,0,0,0,0,0,1,billtrack50 | federal & state legislation tracker,1
utah.edu,526,0,1,0,0,0,0,,1
heraldstaronline.com,4028,1,0,0,0,0,0,,1
thechicagonetwork.org,30,0,0,0,0,0,1,the chicago network - the chicago network,1
suntimes.com,885397,1,0,0,0,0,0,,1
thecapistranodispatch.com,43205,1,0,0,0,0,0,,1
nga.org,18061,0,0,0,0,0,1,national governors association,1
spotify.com,54492,0,0,0,0,0,1,spotify - web player: music for everyone,1
8newsnow.com,55977,1,0,0,0,0,0,,1
denverforcongress.com,82806,0,0,0,0,1,0,,1
fbindependent.com,45092,1,0,0,0,0,0,,1
myhorrynews.com,2093,1,0,0,0,0,0,,1
jewishexponent.com,12614,1,0,0,0,0,0,home - jewish exponent,1
elissaforcongress.com,159890,0,0,0,0,0,1,,1
eastpeoriatimescourier.com,436,1,0,0,0,0,0,,1
eugeneweekly.com,35142,0,0,0,0,0,1,,1
fox28spokane.com,34246,1,0,0,0,0,0,"fox 28 spokane home - spokane news, entertainment | fox 28 spokane",1
capjournal.com,13241,1,0,0,0,0,0,,1
nwahomepage.com,7219,1,0,0,0,0,0,,1
statenews.org,2917,1,0,0,0,0,0,,1
davisenterprise.com,23526,1,0,0,0,0,0,,1
springhopeenterprise.com,863,1,0,0,0,0,0,the enterprise - restoration newsmedia,1
eveningtribune.com,6774,1,0,0,0,0,0,,1
skyhinews.com,14675,1,0,0,0,0,0,,1
leaderherald.com,2187,1,0,0,0,0,0,,1
gregwalden.com,16680,0,0,0,0,1,0,,1
aderholtforcongress.org,74151,0,0,0,0,1,0,,1
news12.com,47707,1,0,0,0,0,0,,1
seanmaloney.com,169128,0,0,0,0,1,0,,1
borderreport.com,36708,1,0,0,0,0,0,mexico border and immigration news | borderreport.com,1
theprogressnews.com,1304,1,0,0,0,0,0,,1
thesunchronicle.com,5769,1,0,0,0,0,0,,1
theblaze.com,13039,1,0,0,0,0,0,,1
inquisitr.com,906,1,0,0,0,0,0,,1
carolinacoastonline.com,11504,0,0,0,0,0,1,,1
sent-trib.com,50881,1,0,0,0,0,0,,1
wcnc.com,86302,1,0,0,0,0,0,,1
nih.gov,5332,0,0,0,1,0,0,,1
villagesoup.com,7235,1,0,0,0,0,0,,1
tapinto.net,299726,1,0,0,0,0,0,,1
pinalcentral.com,1379,1,0,0,0,0,0,pinalcentral.com | pinal county's information source,1
voiceofalexandria.com,15970,1,0,0,0,0,0,,1
rivals.com,1356,0,0,0,0,0,1,rivals: football & basketball recruiting,1
wzzm13.com,55720,1,0,0,0,0,0,,1
statesville.com,49701,1,0,0,0,0,0,,1
thomasmassie.com,84111,0,0,0,0,1,0,"
    thomas massie - u.s. congressman
  ",1
pinejournal.com,1479,1,0,0,0,0,0,,1
kutv.com,118403,1,0,0,0,0,0,,1
telegraph.co.uk,383,1,0,0,0,0,0,,1
pinknews.co.uk,3848,1,0,0,0,0,0,,1
bethel.tv,176,1,0,0,0,0,0,,1
wjactv.com,53665,1,0,0,0,0,0,,1
altoday.com,17795,1,0,0,0,0,0,,1
wgrz.com,55633,1,0,0,0,0,0,,1
georgetown.edu,149187,0,1,0,0,0,0,,1
justsecurity.org,37375,1,0,0,0,0,0,,1
abc15.com,65556,1,0,0,0,0,0,,1
ozarksindependent.com,10734,0,0,0,0,0,1,login ‚Ä¢ instagram,1
wmfe.org,15414,1,0,0,0,0,0,,1
wvnews.com,45887,1,0,0,0,0,0,,1
retailleader.com,2460,1,0,0,0,0,0,,1
ocala-news.com,872,1,0,0,0,0,0,,1
shariceforcongress.com,118372,0,0,0,0,1,0,,1
theeagle.com,93260,1,0,0,0,0,0,,1
mainstreamumc.com,7595,1,0,0,0,0,0,mainstream umc -,1
jewishjournal.com,7142,1,0,0,0,0,0,,1
taosnews.com,1667,1,0,0,0,0,0,,1
mcphersonsentinel.com,14,0,0,0,0,0,1,,1
wikiquote.org,3361,0,0,0,0,0,1,wikiquote,1
wfla.com,59949,1,0,0,0,0,0,,1
stephaniemurphyforcongress.com,175777,0,0,0,0,1,0,,1
rollcall.com,4589637,1,0,0,0,0,0,,1
examiner.net,2856,1,0,0,0,0,0,,1
hppr.org,13423,0,0,0,0,0,1,hppr - homepage | hppr,1
nps.gov,428,0,0,0,1,0,0,,1
sanpetemessenger.com,7318,1,0,0,0,0,0,"sanpete county's local news, sports, events | sanpete messenger",1
scottpeters.com,146307,0,0,0,0,1,0,scott peters for congress,1
kokomoperspective.com,1616,0,0,0,0,0,1,,1
washtimesherald.com,453,1,0,0,0,0,0,,1
johnrose.com,127832,0,0,0,0,1,0,john rose - congress,1
nwnewsnetwork.org,10607,1,0,0,0,0,0,,1
lehighvalleylive.com,39740,1,0,0,0,0,0,,1
indexjournal.com,43948,1,0,0,0,0,0,,1
northcentralpa.com,19549,1,0,0,0,0,0,"northcentralpa.com | news, articles and events from northcentral pennsylvania",1
nprillinois.org,27725,1,0,0,0,0,0,home - npr illinois | stand with the facts  | npr illinois,1
demingheadlight.com,2031,1,0,0,0,0,0,,1
wandtv.com,8802,1,0,0,0,0,0,,1
gettysburgtimes.com,2163,1,0,0,0,0,0,,1
postregister.com,38794,1,0,0,0,0,0,,1
bonamiciforcongress.com,128491,0,0,0,0,1,0,,1
parsippanyfocus.com,7147,1,0,0,0,0,0,,1
myvalleynews.com,934,1,0,0,0,0,0,,1
montgomerynews.com,31451,1,0,0,0,0,0,,1
foodtank.com,3924,0,0,0,0,0,1,food tank: the think tank for food,1
kyma.com,46644,1,0,0,0,0,0,,1
kusi.com,150181,1,0,0,0,0,0,,1
troymessenger.com,9041,1,0,0,0,0,0,,1
wfmd.com,24596,1,0,0,0,0,0,frederick's free talk | wfmd-am,1
wwltv.com,106090,1,0,0,0,0,0,,1
vicksburgpost.com,7742,1,0,0,0,0,0,,1
tamusa.edu,626,0,1,0,0,0,0,,1
yakimaherald.com,83602,1,0,0,0,0,0,,1
adamsmith.org,126961,0,0,0,0,0,1,adam smith institute - adam smith institute,1
theitem.com,81813,1,0,0,0,0,0,,1
dsnews.com,13098,1,0,0,0,0,0,,1
wiltonbulletin.com,2115,1,0,0,0,0,0,,1
redlands.edu,14384,0,1,0,0,0,0,,1
tedbudd.com,97588,0,0,0,0,1,0,ted budd,1
doorcountypulse.com,4,1,0,0,0,0,0,door county news - door county pulse,1
kwqc.com,67981,1,0,0,0,0,0,,1
cloudforcongress.com,109188,0,0,0,0,1,0,,1
thecentralvirginian.com,2616,1,0,0,0,0,0,,1
allawson.com,84362,0,0,0,0,0,1,,1
friendsofglennthompson.com,96931,0,0,0,0,1,0,"congressman glenn ""gt"" thompson - representing pennsylvania's 15th
      district - offical campaign website ",1
kmov.com,67404,1,0,0,0,0,0,,1
kasu.org,803,1,0,0,0,0,0,,1
belleplaineherald.com,404,1,0,0,0,0,0,,1
wikivisually.com,2,0,0,0,0,0,1,"
wikivisually
",1
instagram.com,384041,0,0,1,0,0,0,,1
sooeveningnews.com,1,1,0,0,0,0,0,,1
columbiamissourian.com,67918,1,0,0,0,0,0,,1
yubanet.com,12623,1,0,0,0,0,0,yubanet - we deliver news to the sierra,1
neusenews.com,19077,1,0,0,0,0,0,,1
kwch.com,131091,1,0,0,0,0,0,,1
whqr.org,23458,1,0,0,0,0,0,,1
wjct.org,178857,1,0,0,0,0,0,,1
insurancejournal.com,5894,1,0,0,0,0,0,,1
clickorlando.com,71110,1,0,0,0,0,0,"clickorlando l orlando, florida news, local headlines l wkmg news 6",1
leoweekly.com,11518,1,0,0,0,0,0,,1
defenseone.com,38088,1,0,0,0,0,0,defense one,1
visaliatimesdelta.com,9589,1,0,0,0,0,0,,1
law.com,34353,0,0,0,0,0,1,law.com | the premier source for global legal news & analysis,1
greenwooddemocrat.com,872,0,0,0,0,1,0,,1
fitsnews.com,4686,1,0,0,0,0,0,,1
cyberscoop.com,34559,1,0,0,0,0,0,"cyberscoop | breaking cybersecurity news, public sector threats",1
liberalfirst.com,2680,0,0,0,0,0,1,home,1
startribune.com,725267,1,0,0,0,0,0,,1
alaskansfordonyoung.com,170034,0,0,0,0,1,0,alaskans for don young | standing up for alaska everyday,1
sheilajacksonlee18.com,111239,1,0,0,0,0,0,independent field of knowledge - political journalism,1
wahoo-ashland-waverly.com,4493,1,0,0,0,0,0,,1
maysville-online.com,5,1,0,0,0,0,0,,1
effinghamherald.net,9443,1,0,0,0,0,0,,1
fresnobee.com,282952,1,0,0,0,0,0,,1
theeastsiderla.com,20659,1,0,0,0,0,0,theeastsiderla.com | news from the eastside of los angeles,1
romesentinel.com,30065,1,0,0,0,0,0,,1
arktimes.com,31091,1,0,0,0,0,0,,1
mynews4.com,55816,1,0,0,0,0,0,,1
sdxcentral.com,7439,1,0,0,0,0,0,"sdxcentral | make informed tech decisions, faster",1
laconiadailysun.com,10836,1,0,0,0,0,0,laconiadailysun.com | seeking the truth and printing it.,1
kentucky.com,209529,1,0,0,0,0,0,,1
gop.gov,3562366,0,0,0,1,0,0,,1
out.com,4071,0,0,0,0,0,1,"out magazine - gay & lesbian travel, fashion, culture & politics",1
jeffduncan.com,22213,0,0,0,0,1,0,home - jeff duncan for congress,1
lawenforcementtoday.com,630,0,0,0,0,0,1,welcome | law enforcement today | lawenforcementtoday.com,1
northescambia.com,5882,1,0,0,0,0,0, northescambia.com,1
augustachronicle.com,21007,1,0,0,0,0,0,,1
tennessean.com,233159,1,0,0,0,0,0,,1
thecollegepost.com,6084,0,1,0,0,0,0,,1
chrispappas.org,93311,0,0,0,0,1,0,chris pappas for congress,1
berkeley.edu,10799,0,1,0,0,0,0,,1
boxrec.com,5676,0,0,0,0,0,1,"
							boxrec
					",1
wtva.com,93956,1,0,0,0,0,0,,1
onenewspage.com,740,1,0,0,0,0,0,,1
floridatoday.com,95973,1,0,0,0,0,0,,1
thetimesnews.com,434,1,0,0,0,0,0,,1
wbay.com,41490,1,0,0,0,0,0,,1
hawaiitribune-herald.com,631,1,0,0,0,0,0,,1
andnowuknow.com,1801,0,0,0,0,0,1,,1
brucewesterman.com,112724,0,0,0,0,1,0,bruce westerman for congress,1
pressofatlanticcity.com,58962,1,0,0,0,0,0,,1
ca.gov,22640,0,0,0,1,0,0,,1
techcrunch.com,8783,0,0,0,0,0,1,,1
teenvogue.com,77645,1,0,0,0,0,0,,1
theaustralian.com.au,84,1,0,0,0,0,0,,1
newscenter1.tv,14433,1,0,0,0,0,0,,1
theblockcrypto.com,407,0,0,0,0,0,1,"bitcoin, ethereum, and crypto news, live prices, and charts | the block",1
sentinel-standard.com,10761,1,0,0,0,0,0,,1
chuckforcongress.com,132754,0,0,0,0,1,0,,1
tdn.com,17485,1,0,0,0,0,0,,1
theappeal.org,43778,1,0,0,0,0,0,home page - the appeal,1
metrowestdailynews.com,2306,1,0,0,0,0,0,,1
northdallasgazette.com,2454,1,0,0,0,0,0,,1
frontiersman.com,6590,1,0,0,0,0,0,,1
marcialfudge.com,49803,0,0,0,0,0,1,,1
bisnow.com,18331,1,0,0,0,0,0,bisnow commercial real estate news,1
loc.gov,411495,0,0,0,1,0,0,,1
decorahnews.com,427,1,0,0,0,0,0,,1
fox5dc.com,31877,1,0,0,0,0,0,,1
tomslongdog.com,209,0,0,0,0,0,1,home - tom's long hot dogs,1
hetwebsite.net,27,1,0,0,0,0,0,het redirect for root,1
northwell.edu,9800,0,1,0,0,0,0,,1
paydayreport.com,409,1,0,0,0,0,0,payday report - covering labor in news deserts,1
nixonpeabody.com,1612,0,0,0,0,0,1,nixon peabody llp,1
hutchhealth.com,101,0,0,0,0,0,1,,1
modernhealthcare.com,14902,1,0,0,0,0,0,modern healthcare news today | modern healthcare,1
signaldc.com,26,1,0,0,0,0,0,signal group: government relations and strategic communications,1
davesculbertsonfuneralhome.com,184,0,0,0,0,0,1,,1
katc.com,22952,1,0,0,0,0,0,,1
ksoo.com,46,1,0,0,0,0,0,welcome to the new am 1000 ksoo,1
youtube.com,3654164,0,0,1,0,0,0,,1
kpel965.com,2692,1,0,0,0,0,0,96.5 kpel ‚Äì news talk ‚Äì lafayette news radio,1
pratttribune.com,12708,1,0,0,0,0,0,,1
sportscasting.com,482,1,0,0,0,0,0,"sportscasting - sports news from the nba, nfl & more 2024",1
cornellsun.com,99661,1,0,0,0,0,0,,1
eangus.org,333,1,0,0,0,0,0,home - eangus,1
towncville.com,379,0,0,0,0,0,1,charlottesville real estate firm | town realty llc,1
baseballhall.org,726,0,0,0,0,0,1,home | baseball hall of fame,1
dailystarjournal.com,13080,1,0,0,0,0,0,,1
modestosda.org,1,0,0,0,0,0,1,"welcome home! | modesto central sda church | modesto, ca",1
hannibal.net,1229,1,0,0,0,0,0,,1
710keel.com,4514,1,0,0,0,0,0,news radio 710 keel ‚Äì breaking news and trending talk ‚Äì shreveport news radio,1
newsleader.com,15043,1,0,0,0,0,0,,1
investmentnews.com,2414,1,0,0,0,0,0,,1
plansponsor.com,1612,1,0,0,0,0,0,"
        plansponsor | plan design & investment strategy insights    ",1
inbloomflorist.com,1,0,0,0,0,0,1,orlando florist - flower delivery orlando by in bloom florist,1
stanforddaily.com,9087,1,0,0,0,0,0,,1
krem.com,12837,1,0,0,0,0,0,,1
myfox8.com,22480,1,0,0,0,0,0,,1
ahiworld.org,1779,1,0,0,0,0,0,,1
fosterfarmandranch.com,1,0,0,0,0,0,1,,1
ethanolproducer.com,742,1,0,0,0,0,0,ethanol producer magazine,1
rehaboftifton.com,3,0,0,0,0,0,1,,1
eldoradonews.com,454,1,0,0,0,0,0,,1
kyuk.org,436,1,0,0,0,0,0,,1
milwaukeenns.org,19908,1,0,0,0,0,0,milwaukee neighborhood news service,1
vulture.com,7768,1,0,0,0,0,0,,1
johnsontreeco.com,72,0,0,0,0,0,1,north fork tree service | johnson tree co.,1
scofieldacupuncture.com,3,0,0,0,0,0,1,scofield,1
medicaldesignandoutsourcing.com,1628,0,0,0,0,0,1,,1
cfr.org,28927,1,0,0,0,0,0,council on foreign relations,1
times-herald.com,71663,1,0,0,0,0,0,,1
thomashospitality.com,586,0,0,0,0,0,1,,1
daily-times.com,3657,1,0,0,0,0,0,,1
palmveincenter.com,158,0,0,0,0,0,1,palm vein center | excellence in vein care,1
mikejohnsonspowersports.com,843,0,0,0,0,0,1,"home russellville russellville, ar (479) 968-7110",1
gregmurphyjazz.com,4781,0,0,0,0,0,1,,1
thesentinel.com,5738,1,0,0,0,0,0,,1
tulane.edu,49242,0,1,0,0,0,0,,1
house.gov,72868786,0,0,0,1,0,0,,1
latinorebels.com,7324,1,0,0,0,0,0,latino rebels -,1
thejewishnews.com,119481,1,0,0,0,0,0,,1
knollkregmemorialpark.com,11,0,0,0,0,0,1,"cemeteries in abingdon, va | knollkreg memorial park and cremation gardens",1
gallaghersarmy.com,29,0,0,0,0,0,1,,1
paynejr4congress.com,181165,0,0,0,0,1,0,,1
woodlandsonline.com,17400,1,0,0,0,0,0,the woodlands texas community site | woodlands online,1
gjsentinel.com,6209,1,0,0,0,0,0,,1
journalstandard.com,2907,1,0,0,0,0,0,,1
theintelligencer.com,19451,1,0,0,0,0,0,,1
chrisstewartlaw.com,14,0,0,0,0,0,1,,1
famunews.com,2463,1,0,0,0,0,0,,1
genovaburns.com,2262,0,0,0,0,0,1,genova burns llc,1
southparkpediatrics.net,11,0,0,0,0,0,1,hasil keluaran togel hongkong togel singapore togel sidney data pengeluaran hk sgp sdy hari ini,1
rivercitydrywall-painting.com,617,0,0,0,0,0,1,,1
timestelegram.com,12439,1,0,0,0,0,0,,1
intermountainhealthcare.org,65,0,0,0,0,0,1,,1
rja-law.com,472,0,0,0,0,0,1,top rated litigation lawyers in worcester massachsuetts,1
hilltopchevy.com,2,0,0,0,0,0,1,,1
hoosiertimes.com,15751,1,0,0,0,0,0,,1
davidsonian.com,522,1,0,0,0,0,0,,1
johnlocke.org,1,1,0,0,0,0,0,john locke foundation,1
dailyitem.com,61205,1,0,0,0,0,0,,1
nationwidechildrens.org,3553,0,0,0,0,0,1,nationwide children's hospital,1
baptistmessage.com,2149,1,0,0,0,0,0,"baptist message - ""helping louisiana baptists impact the world for christ""",1
ncbaclusa.coop,4,0,0,0,0,0,1,ncba clusa | national cooperative business association,1
palatkadailynews.com,426,1,0,0,0,0,0,,1
portclintonnewsherald.com,1251,1,0,0,0,0,0,,1
herald-citizen.com,14,1,0,0,0,0,0,,1
kroger.com,487,0,0,0,0,0,1,,1
dispatch.com,183495,1,0,0,0,0,0,,1
stjohnsource.com,13564,1,0,0,0,0,0,st. john source | independent and trusted since 1999,1
hankjohnsonschoolofgolf.com,1481,0,0,0,0,0,1,,1
madisonvillemeteor.com,5163,1,0,0,0,0,0,madisonville meteor,1
justanswer.com,3,0,0,0,0,0,1,ask an expert & get answers to your questions - asap,1
journal-topics.com,16739,1,0,0,0,0,0,,1
americanlibrariesmagazine.org,1230,0,0,0,0,0,1,,1
nny360.com,31220,1,0,0,0,0,0,nny360.com,1
brooksrehab.org,1,0,0,0,0,0,1,"stroke, brain & spinal cord injury experts | brooks rehabilitation",1
chsli.org,4,0,0,0,0,0,1,home | catholic health long island,1
brianfitzrealestate.com,3072,0,0,0,0,0,1,,1
wdam.com,85373,1,0,0,0,0,0,,1
kswo.com,21990,1,0,0,0,0,0,,1
blackeconomicalliance.org,394414,1,0,0,0,0,0,homepage - black economic alliance,1
thesuntimesnews.com,2471,1,0,0,0,0,0,,1
thenewsguard.com,799,1,0,0,0,0,0,,1
occupydemocrats.com,4,1,0,0,0,0,0,,1
thecounty.me,1,0,0,0,0,0,1,home - the county,1
barbaraleefoundation.org,5411,0,0,0,0,0,1,,1
lenconnect.com,20921,1,0,0,0,0,0,,1
showmeprogress.com,16,1,0,0,0,0,0,show me progress | covering government and politics in missouri ‚Äì since 2007,1
lpb.org,12727,0,0,0,0,0,1,,1
towleroad.com,3128,1,0,0,0,0,0,,1
geneva.edu,1,0,1,0,0,0,0,,1
pbs.org,745150,1,0,0,0,0,0,,1
riderta.com,2,0,0,0,1,0,0,homepage | riderta,1
we-ha.com,347,1,0,0,0,0,0,we-ha | west hartford news | west hartford ct,1
thestocktonteam.com,52,0,0,0,0,0,1,"keller williams showcase | steve stockton | commerce township, mi | 248-755-7500",1
gatech.edu,76,0,1,0,0,0,0,,1
colgate.edu,31697,0,1,0,0,0,0,,1
timesrepublican.com,5325,1,0,0,0,0,0,,1
ktvz.com,111375,1,0,0,0,0,0,,1
weny.com,35066,0,0,0,0,0,1,,1
hartfordhealthcaremedicalgroup.org,4719,0,0,0,0,0,1,,1
peoplesmart.com,28,0,0,0,0,0,1,peoplesmart - find professional contacts,1
ktuu.com,38,1,0,0,0,0,0,,1
dailynexus.com,9047,1,0,0,0,0,0,,1
mcalesternews.com,2180,1,0,0,0,0,0,,1
olympiawa.gov,34573,0,0,0,1,0,0,,1
realartmuse.com,3808,0,0,0,0,0,1,home-2018 - real art muse,1
scientificamerican.com,9592,1,0,0,0,0,0,,1
nymag.com,601262,1,0,0,0,0,0,,1
idahopress.com,81610,1,0,0,0,0,0,,1
votersedge.org,1001,0,0,0,0,0,1,voter's edge | maplight,1
musicradar.com,563,1,0,0,0,0,0,,1
laffey.com,1493,0,0,0,0,0,1,"long island, ny real estate & homes for sale - laffey real estate ",1
thestate.com,413000,0,0,0,0,0,1,,1
rosesdiscountstores.com,92,0,0,0,0,0,1,roses discount stores - the real deal place for everything for your home,1
10tv.com,85059,1,0,0,0,0,0,,1
nyee.edu,4398,0,0,0,0,0,1,,1
wyandottedaily.com,4747,1,0,0,0,0,0,,1
jameskellylawfirm.com,19,0,0,0,0,0,1,,1
quakingaspenquiltguild.org,98,0,0,0,0,0,1,"quaking aspen quilt guild ‚Äì boulder, colorado",1
mikejohnsonlaw.com,3367,0,0,0,0,0,1,law offices of michael johnson - law offices of michael johnson,1
micromedix.net,8,0,0,0,0,0,1,micromedix - full service pc specialists,1
courierpostonline.com,33820,1,0,0,0,0,0,,1
troyrecord.com,9054,1,0,0,0,0,0,,1
mikesellscadillac.com,70,0,0,0,0,0,1,,1
josh4congress.com,84859,0,0,0,0,1,0,,1
mikekellychicago.com,3983,0,0,0,0,0,1,,1
dentalcareonsanantonio.com,418,0,0,0,0,0,1,,1
midwesteyeconsultants.com,96,0,0,0,0,0,1,,1
eveningsun.com,11092,1,0,0,0,0,0,,1
aminerdetail.com,123,1,0,0,0,0,0,a miner detail | maryland political news,1
gknet.com,4,0,0,0,0,0,1,home - gallagher & kennedy,1
shorefrontnews.com,3882,1,0,0,0,0,0,,1
massapequaobserver.com,811,1,0,0,0,0,0,,1
mrjatlaw.com,48,0,0,0,0,0,1,,1
baptisthealth.com,1309,0,0,0,0,0,1,,1
thetandd.com,28572,1,0,0,0,0,0,,1
atlantablackstar.com,550,1,0,0,0,0,0,,1
alamogordonews.com,847,1,0,0,0,0,0,,1
farmanddairy.com,45810,1,0,0,0,0,0,"farm and dairy: agriculture news, auctions, classifieds",1
wqow.com,35928,1,0,0,0,0,0,,1
waff.com,69022,1,0,0,0,0,0,,1
tommiemedia.com,1308,1,0,0,0,0,0,"tommiemedia ‚Äì campus, local and world news reported daily by university of st. thomas students",1
dcc.edu,3,0,1,0,0,0,0,,1
thecityofcenterpoint.org,1,0,0,0,0,0,1,thecityofcenterpoint.org,1
adamshometownmarkets.com,6,0,0,0,0,0,1,adams hometown markets | the official site of adams hometown markets,1
interorealestate.com,28,0,0,0,0,0,1,,1
thestatehousefile.com,3636,1,0,0,0,0,0,thestatehousefile.com,1
whittierdailynews.com,87554,1,0,0,0,0,0,,1
owprivatecapital.com,15,0,0,0,0,0,1,home - omega wealth private capital,1
levittown-tribune.com,1213,1,0,0,0,0,0,,1
betterchemistry.com,1,0,0,0,0,0,1,better chemistry,1
dsparker.com,989,0,0,0,0,0,1,david scott parker architects,1
jerusalem2020.com,39,0,0,0,0,0,1,,1
kirksvilledailyexpress.com,415,1,0,0,0,0,0,,1
fox23.com,40449,1,0,0,0,0,0,,1
tscp.com,4,0,0,0,0,0,1,home - thompson street capital partners,1
asiasociety.org,13254,0,0,0,0,0,1,asia society,1
wgem.com,45043,1,0,0,0,0,0,"wgem | local news, weather, sports | quincy, il",1
simpsoneye.com,79,0,0,0,0,0,1,simpson eye physicians & surgeons,1
hospicenews.com,10362,1,0,0,0,0,0,,1
kulr8.com,34393,1,0,0,0,0,0,,1
southeastagnet.com,12749,1,0,0,0,0,0,southeast agnet home - southeast agnet,1
nthaipalacenj.com,9,0,0,0,0,0,1,"n thai palace - old bridge, east brunswick, nj",1
athensnews.com,5551,1,0,0,0,0,0,,1
bros4america.com,1,1,0,0,0,0,0,,1
castorforcongress.com,117457,0,0,0,0,1,0,,1
arckc.com,420,0,0,0,0,0,1,,1
mosquitojoe.com,528,0,0,0,0,0,1,"pest control, treatment & exterminator services | mosquito joe",1
physicaltherapyky.com,1313,0,0,0,0,0,1,,1
kwwl.com,47107,1,0,0,0,0,0,,1
wect.com,23216,1,0,0,0,0,0,,1
nj1015.com,7813,1,0,0,0,0,0,new jersey 101.5 ‚Äì proud to be new jersey ‚Äì new jersey news radio,1
resurgens.com,2467,0,0,0,0,0,1,resurgens orthopedics atlanta | resurgens orthopaedics,1
clubfurniture.com,20,0,0,0,0,0,1,,1
wytv.com,1667,0,0,0,0,0,1,,1
thelcn.com,7771,1,0,0,0,0,0,,1
cloakanddaggerlondon.co.uk,8826,0,0,0,0,0,1,cloak & dagger london tattoos & tattoo removal,1
indystar.com,358591,1,0,0,0,0,0,,1
california45th.org,282,0,0,0,0,0,1,,1
stennis.gov,28203,0,0,0,1,0,0,,1
repfredkeller.com,489,0,0,0,0,1,0,,1
spacenews.com,75516,1,0,0,0,0,0,,1
auburnexaminer.com,14244,1,0,0,0,0,0,"local news in auburn, wa | auburn examiner",1
emmerforcongress.com,97696,0,0,0,0,1,0,,1
kclu.org,181,1,0,0,0,0,0,,1
biologicaldiversity.org,73800,0,0,0,0,0,1,center for biological diversity,1
scpr.org,21320,1,0,0,0,0,0,,1
marinbar.org,356,0,0,0,0,0,1,"marin county bar association | home	",1
thepublicsradio.org,2498,1,0,0,0,0,0,,1
nationofchange.org,26,1,0,0,0,0,0,,1
ashleycountyledger.com,433,1,0,0,0,0,0,,1
sbappraisalservices.com,7,0,0,0,0,0,1,,1
nptelegraph.com,8579,1,0,0,0,0,0,,1
victoriaadvocate.com,85148,1,0,0,0,0,0,,1
hbcudigest.com,439,0,0,0,0,0,1,,1
nwherald.com,23302,1,0,0,0,0,0,,1
onwardstate.com,76,1,0,0,0,0,0,,1
jll.com,876,0,0,0,0,0,1,commercial real estate | property investment | jll,1
avclub.com,848,1,0,0,0,0,0,,1
jerrynadler.com,94005,0,0,0,0,1,0,jerry nadler for congress,1
grsm.com,82,0,0,0,0,0,1,,1
htwlegal.com,41,0,0,0,0,0,1,,1
newschannel5.com,68210,1,0,0,0,0,0,,1
theintercept.com,593631,1,0,0,0,0,0,,1
nrd.gov,31,0,0,0,1,0,0,,1
journal-republican.com,1235,1,0,0,0,0,0,,1
videtteonline.com,2112,1,0,0,0,0,0,,1
joinpaulcook.com,87453,0,0,0,0,0,1,,1
speters.com,5096,0,0,0,0,0,1,,1
calvertforcongress.com,119202,0,0,0,0,1,0,,1
cvim.org,2847,0,0,0,0,0,1,home - community volunteers in medicine,1
unc.edu,23,0,1,0,0,0,0,,1
villagetavern.com,1088,0,0,0,0,0,1,,1
rosesellshouses.com,12,0,0,0,0,0,1,,1
reporternewspapers.net,5827,1,0,0,0,0,0,,1
coachfortomorrow.com,214,0,0,0,0,0,1,home - coach for tomorrow,1
sportsworld-usa.com,11,0,0,0,0,0,1,"phil and cory's sportsworld
‚Äì phil and cory castinetti's sportsworld
",1
xeniagazette.com,2558,1,0,0,0,0,0,,1
stanfordhealthcare.org,12,0,0,0,0,0,1,stanford health care (shc) - stanford medical center | stanford health care,1
harmonycemeteryfc.com,63,0,0,0,0,0,1,,1
fredandannette.com,1696,0,0,0,0,0,1,walthamupdate - my wordpress blog,1
georgebeardsley.com,812,0,0,0,0,0,1,,1
davidforwv.com,6431,0,0,0,0,1,0,david mckinley for congress,1
alicetx.com,2071,1,0,0,0,0,0,,1
tomreedforcongress.com,120356,0,0,0,0,1,0,,1
therestaurantexpert.com,368,0,0,0,0,0,1,home - restaurant systems pro - online restaurant management solution,1
porschenaples.com,1,0,0,0,0,0,1,"porsche naples | new porsche & used car center in naples, fl",1
weedmaps.com,7950,0,0,0,0,0,1,"weedmaps: learn, find, and order weed",1
smithfamilycares.com,87,0,0,0,0,0,1,"
    
    smith family funeral homes
  
  ",1
morningsun.net,1214,1,0,0,0,0,0,,1
yallpolitics.com,114207,0,0,0,0,0,1,,1
erau.edu,32,0,1,0,0,0,0,,1
jimsimport.com,4728,0,0,0,0,0,1,jim's used foreign auto parts and salvage yard in florida,1
rosebudsbaby.com,24,0,0,0,0,0,1,rosebuds | baby & kid boutique,1
swoknews.com,6829,1,0,0,0,0,0,,1
1800lawguys.com,1,0,0,0,0,0,1,boston personal injury lawyers ‚Äî michael kelly injury lawyers,1
bcg.com,553,0,1,0,0,0,0,,1
sabr.org,65091,0,0,0,0,0,1,society for american baseball research,1
iowastatedaily.com,724,1,0,0,0,0,0,,1
kctv5.com,113842,1,0,0,0,0,0,,1
timmonsconsult.com,319,0,0,0,0,0,1,,1
birminghamtimes.com,22046,1,0,0,0,0,0,,1
cqrcengage.com,140093,0,0,0,0,0,1,,1
fullertonobserver.com,5534,1,0,0,0,0,0,,1
bradley.edu,377,0,1,0,0,0,0,,1
withwre.com,691,0,0,0,0,0,1,windermere real estate,1
muscatinejournal.com,3096,1,0,0,0,0,0,,1
madisonpsychiatricassociates.com,3266,0,0,0,0,0,1,madison psychiatric associates,1
exim.gov,22,0,0,0,1,0,0,,1
andthevalleyshook.com,6,1,0,0,0,0,0,"and the valley shook, a lsu tigers community",1
cathstan.org,7833,1,0,0,0,0,0,home- catholic standard,1
virtua.org,262,0,0,0,0,0,1,virtua,1
trumphotels.com,11,0,0,0,0,0,1,,1
olsonhatcher.com,677,0,0,0,0,0,1,,1
tcpalm.com,86148,1,0,0,0,0,0,,1
thedcline.org,11500,1,0,0,0,0,0,"thedcline.org ‚Äì local news, views & events",1
fcnews.org,12671,1,0,0,0,0,0,,1
fox11online.com,54275,1,0,0,0,0,0,,1
gadsdentimes.com,4795,1,0,0,0,0,0,,1
newpolitics.org,90111,0,0,0,0,1,0,new politics | building a new generation of leaders,1
boston25news.com,25758,1,0,0,0,0,0,,1
gmholdingsmanagement.com,769,0,0,0,0,0,1,"
    
    home | gm holdings | philadelphia, pa
  
  ",1
hcpnv.com,2791,0,0,0,0,0,1,,1
christianheadlines.com,1454,1,0,0,0,0,0,christian news headlines - breaking and trending religion news,1
lindseyoptical.com,160,0,0,0,0,0,1,,1
johnsoncontrols.com,1,0,0,0,0,0,1,,1
theonlinebeacon.com,436,1,0,0,0,0,0,the online beacon ‚Äì the student news site of massachusetts college of liberal arts,1
kuam.com,23,1,0,0,0,0,0,kuam.com- kuam news: on air. online. on demand.,1
executivebiz.com,428,1,0,0,0,0,0,executivebiz - latest federal & government contracting companies' news coverage,1
fitzpatrickarchitects.com,467,0,0,0,0,0,1,,1
joecollinsforcongress.com,4,0,0,0,0,1,0,,1
aphasiawtx.org,55,0,0,0,0,0,1,home page < aphasia center of west texas,1
danapointtimes.com,16749,1,0,0,0,0,0,,1
kobi5.com,41356,0,0,0,0,0,1,kobi-tv nbc5 / koti-tv nbc2,1
michaeljohnsonguitar.com,12,0,0,0,0,0,1,"
    michael johnson guitar instruction | guitar lesson bismarck
  ",1
bishopodowd.org,1,0,1,0,0,0,0,home | bishop o'dowd high school oakland,1
kltv.com,50313,1,0,0,0,0,0,,1
amowensby.com,1,0,0,0,0,0,1,,1
therip.com,4,1,0,0,0,0,0,,1
bgindependentmedia.org,1490,1,0,0,0,0,0,bg independent news ‚Äì free independent news in bowling green,1
statenews.com,84006,1,0,0,0,0,0,,1
eisenforcongress.com,9,0,0,0,0,1,0,,1
tribtown.com,26176,1,0,0,0,0,0,,1
kcra.com,134579,1,0,0,0,0,0,,1
dartmouth.edu,42869,0,1,0,0,0,0,,1
denisonialaw.com,1,0,0,0,0,0,1,,1
mccollumforcongress.com,142148,0,0,0,0,1,0,,1
krvn.com,12816,1,0,0,0,0,0,"krvn - #1 for agriculture, weather, & news. - #1 for agriculture, weather & news",1
princewilliamliving.com,5159,1,0,0,0,0,0,local news for prince william county & manassas | prince william living,1
wyff4.com,143492,1,0,0,0,0,0,,1
the1a.org,20373,1,0,0,0,0,0,"
		1a | speak freely	",1
thepostmillennial.com,2672,1,0,0,0,0,0,welcome | the post millennial | thepostmillennial.com,1
santaynezvalleystar.com,434,1,0,0,0,0,0,,1
buzzfeed.com,1322,1,0,0,0,0,0,,1
ratliffandtaylor.com,36,0,0,0,0,0,1,ratliff & taylor,1
loblollycreamery.com,154,0,0,0,0,0,1,handcrafted ice cream & sweet treats | loblolly creamery,1
djournal.com,171621,1,0,0,0,0,0,,1
dday-overlord.com,2,0,0,0,0,0,1,d-day overlord - d√©barquement et bataille de normandie,1
alec.org,124826,0,0,0,0,0,1,"
                            home - american legislative exchange council - american legislative exchange council
                    ",1
johngallegosattorney.com,2363,0,0,0,0,0,1,,1
verticalresearchpartners.com,540,0,0,0,0,0,1,precision investing in industrials & materials sectors | expert strategies,1
wksu.org,11419,1,0,0,0,0,0,,1
nashvillepost.com,51668,1,0,0,0,0,0,,1
tirerama.com,4,0,0,0,0,0,1,welcome to tire-rama | tire-rama,1
nbcboston.com,178425,1,0,0,0,0,0,,1
surajpatel.nyc,4,0,0,0,0,1,0,suraj patel 2022,1
amsus.org,58087,0,0,0,0,0,1,,1
fosters.com,3446,1,0,0,0,0,0,,1
azcapitoltimes.com,77755,1,0,0,0,0,0,,1
aclunc.org,165,0,0,0,0,0,1,the aclu of northern california,1
nordoniahillschiropractic.com,2653,0,0,0,0,0,1,,1
academia.edu,354,0,0,0,0,0,1,,1
southshoreinsurance.com,35,0,0,0,0,0,1,,1
schultzwilliams.com,2,0,0,0,0,0,1,national fundraising consulting firm - schultz & williams,1
carpetrepairhoover.com,226,0,0,0,0,0,1,,1
csmonitor.com,75831,1,0,0,0,0,0,christian science monitor - csmonitor.com,1
towardfreedom.org,1185,1,0,0,0,0,0,home - toward freedom,1
benitolink.com,3065,1,0,0,0,0,0,"san benito county independent nonprofit news source, hollister community news outlet | benitolink, hollister, san juan bautista, san benito county, california",1
bsu.edu,140,0,0,0,0,1,0,,1
sportshandle.com,2180,0,0,0,0,0,1,legal u.s. sports betting reporting and information,1
northwesternbusinessreview.org,1768,0,1,0,0,0,0,,1
fromthetop.org,41713,0,1,0,0,0,0,from the top,1
farmersagent.com,30,0,0,0,0,0,1,,1
dodgersdigest.com,2611,1,0,0,0,0,0,,1
familyconnectionsiowa.com,417,0,0,0,0,0,1,"mental health agency in council bluffs, ia | family connections, inc.",1
fresnohockshop.com,1,0,0,0,0,0,1,home - fresno hock shop,1
dailysentinel.com,6944,1,0,0,0,0,0,,1
ndu.edu,2794,0,0,0,0,1,0,,1
scmp.com,53337,1,0,0,0,0,0,"breaking china, asia, hk news, opinions and insights | south china morning post",1
tedlieu.com,174410,0,0,0,0,0,1,hoki178 - situs slot gacor 2024 terpercaya & agen judi slot88 online,1
onlinemadison.com,7982,0,0,0,0,0,1,,1
warsawsecurityforum.org,36040,0,0,0,0,0,1,,1
corvallisadvocate.com,30575,1,0,0,0,0,0,,1
eastoregonian.com,6897,1,0,0,0,0,0,,1
katiescanineconnection.com,238,0,0,0,0,0,1,,1
comprehensiveradiology.com,587,0,0,0,0,0,1,"comprehensive radiology services | hattiesburg, ms",1
queerty.com,943,0,0,0,0,0,1,"queerty - free of an agenda, except for that gay one. lgbtq life, entertainment, politics and the goods - all for the gay, lesbian, bisexual, transgender and queer community.",1
texashealth.org,2250,0,0,0,0,0,1,,1
ballotready.org,15,0,0,0,0,0,1,ballotready: where you go before you vote,1
shinjusushi.com,34,0,0,0,0,0,1,,1
wclo.com,2229,1,0,0,0,0,0,wclo | news - talk - sports,1
losaltosonline.com,13930,1,0,0,0,0,0,,1
tamiu.edu,399,0,0,0,0,1,0,,1
txdirectory.com,180140,0,0,0,1,0,0,texas state directory online,1
chicagodefender.com,401,1,0,0,0,0,0,,1
heritageaction.com,5610,0,0,0,0,0,1,home | heritage action for america,1
concordmonitor.com,14418,1,0,0,0,0,0,,1
stpetermilwaukee.com,152,0,0,0,0,0,1,st. peter lutheran church - iglesia luterana san pedro,1
thedailynews.cc,44407,1,0,0,0,0,0,,1
coloradohometownweekly.com,3921,1,0,0,0,0,0,,1
sudbury.k12.ma.us,1035,0,1,0,0,0,0,home - sudbury public schools,1
prismahealth.org,2083,0,0,0,0,0,1,,1
courier-journal.com,237582,1,0,0,0,0,0,,1
electralphnorman.com,169760,0,0,0,0,1,0,ralph norman ‚Äì a strong voice for south carolina values,1
artscouncilmontgomery.org,942,0,0,0,0,0,1,,1
warnerfuneralhome.com,7,0,0,0,0,0,1,,1
txwes.edu,26955,0,1,0,0,0,0,,1
newtondailynews.com,4081,1,0,0,0,0,0,,1
mikiesherrill.com,90815,0,0,0,0,1,0,home - mikie sherrill | u.s. congress | new jersey 11th | homepage,1
ocj.com,3476,1,0,0,0,0,0,ohio ag net | ohio's country journal ‚Äì ohio ag net | ohio's country journal,1
aabusinessroundtable.org,36618,0,0,0,0,0,1,,1
johnsonauctioneers.com,452,0,0,0,0,0,1,,1
wwno.org,9790,1,0,0,0,0,0,,1
aaf.org,29,0,0,0,0,0,1,"
	american advertising federation | home
",1
themercury.com,9724,1,0,0,0,0,0,,1
jacobinmag.com,12736,1,0,0,0,0,0,,1
bravenewfilms.org,2,0,0,0,0,0,1,brave new films | creating media that makes an impact,1
toddandbradreed.com,509,0,0,0,0,0,1,todd and brad reed photography,1
benzinga.com,4582,1,0,0,0,0,0,"actionable trading ideas, real-time news, financial insight - benzinga",1
maithaihaslet.com,283,0,0,0,0,0,1,mai thai restaurant,1
nbc25news.com,69395,1,0,0,0,0,0,,1
currentobituary.com,26,0,0,0,0,0,1,"online obituaries, funeral notices, condolences, tributes and death notices  | currentobituary.com",1
stlandrycrimestoppers.com,10,0,0,0,1,0,0,,1
gwdocs.com,1,0,0,0,0,0,1,welcome to the gw medical faculty associates | gw medical faculty associates,1
salemnews.com,23912,1,0,0,0,0,0,,1
moveon.org,119,0,0,0,0,0,1,moveon: people-powered progress,1
superiortelegram.com,1820,1,0,0,0,0,0,,1
phoenix.gov,863,0,0,0,1,0,0,,1
jimmcgovern.com,115448,0,0,0,0,1,0,jim mcgovern for congress,1
upstreamonline.com,3879,1,0,0,0,0,0,upstream online | upstream,1
uppermichiganssource.com,75632,1,0,0,0,0,0,upper michigan's source,1
keysforsoberliving.com,73,0,0,0,0,0,1,,1
ucsc.edu,12596,0,1,0,0,0,0,,1
mpsaz.org,814,0,1,0,0,0,0,home | mesa public schools,1
brendalawrence.com,86564,0,0,0,0,1,0,"congresswoman brenda lawrence | fighting for you now, and always.",1
leeheylaw.com,1,0,0,0,0,0,1,,1
religioncommunicators.org,2,0,0,0,0,0,1,religion communicators council | an interfaith association of religion communicators since 1929,1
citylimits.org,2604,1,0,0,0,0,0,,1
galesburg.com,1307,1,0,0,0,0,0,,1
lockhaven.com,18989,1,0,0,0,0,0,,1
speedcafe.com,421,1,0,0,0,0,0,"speedcafe.com | home for f1, supercars, & motorsport news",1
tvtechnology.com,1722,1,0,0,0,0,0,broadcast | production | nab | broadband | satellite | mobile | www.tvtechnology.com,1
algemeiner.com,182,1,0,0,0,0,0,,1
parkrecord.com,1235,1,0,0,0,0,0,,1
sentara.com,608,0,0,0,0,0,1,sentara,1
cbslocal.com,1631251,1,0,0,0,0,0,,1
pallonefornewjersey.com,156116,0,0,0,0,1,0,pallone for new jersey | frank pallone,1
kvor.com,8264,1,0,0,0,0,0,am 740 kvor | kvor-am,1
ms.gov,29,0,0,0,1,0,0,,1
coachsafely.org,615,0,1,0,0,0,0,youth sports injury prevention & education | coachsafely foundation,1
bfiholdings.com,247,0,0,0,0,0,1,,1
cedricrichmond.com,63061,0,0,0,0,0,1,,1
yourdailyglobe.com,1623,1,0,0,0,0,0,,1
thenewportbuzz.com,74,1,0,0,0,0,0,home - newport buzz,1